,,,,,,,,,,,
,,,,,,,,,,,
Documentary,Episode,Date,Category,Topic,Director,Year,Link,Streaming,Extra Episodes,Reading 1,Reading 2
Vaxxed: From Coverup to Catastrophe,3,04/15/2016,Health & Medicine,Vaccines & Autism,Andrew Wakefield,2016,https://www.youtube.com/watch?v=mT0VzAvfnb4,,,https://www.theguardian.com/film/2016/apr/02/vaxxed-from-cover-up-to-catastrophe-review?utm_source=chatgpt.com,https://www.researchgate.net/publication/363194814_'From_cover-up_to_catastrophe'_how_the_anti-vaccine_propaganda_documentary_'_Vaxxed'_impacted_student_perceptions_and_intentions_about_MMR_vaccination?utm_source=chatgpt.com
Venezuela Rising,5,04/28/2016,International Politics,Venezuela,VICE (MAYBE?),2014,https://www.youtube.com/watch?v=PwQcVx9-bpw,Youtube,,https://ips-dc.org/event/film_venezuela_rising/?utm_source=chatgpt.com,
Weiner,11,06/08/2016,US Politics,Anthony Weiner,Josh Kriegman,2016,https://www.youtube.com/watch?v=fjN15MkJV6s,Paramount Plus,,https://www.vanityfair.com/hollywood/2016/01/anthony-weiner-documentary-sundance?utm_source=chatgpt.com,https://archive.ph/AJKvN
OJ: Made in America,13,06/22/2016,US History,OJ Simpson,Ezra Edleman,2016,https://www.youtube.com/watch?v=Zmca421urfo,Netflix,,https://www.nationalreview.com/2017/03/oj-simpson-documentary-oscar-winner/?utm_source=chatgpt.com,https://archive.ph/73Jrt
The Black Panthers: Vanguard of the Revolution,16,7/13/2016,US History,Black Panthers,"Stanley Nelson, Jr.",2015,The Black Panthers: Vanguard of the Revolution - Trailer (Doc Fortnight 2015) - YouTube,PBS,"220, MO #131, MO #185, 444",https://www.thedailybeast.com/whitewashing-the-black-panthers/,https://www.newyorker.com/culture/culture-desk/the-most-important-legacy-of-the-black-panthers?utm_source=chatgpt.com
Winter on Fire,20,08/11/2016,International Politics,Ukrainian Protests 2013,Evgeny Afineevsky,2015,https://www.youtube.com/watch?v=RibAQHeDia8,Netflix,SD #110,https://reason.com/podcast/2015/10/08/winter-on-fire-ukraines-fight-for-freedo/?utm_source=chatgpt.com,https://time.com/5682003/winter-on-fire-hong-kong-protests-ukraine/?utm_source=chatgpt.com
American Milo,23,08/31/2016,US Politics,Milo Yiannopoulos,Loren Feldman,2015,The Tragic Rise & Fall of Milo Yiannopoulos - YouTube,Youtube,,https://www.theguardian.com/world/2017/feb/21/milo-yiannopoulos-rise-and-fall-shallow-actor-bad-guy-hate-speech?utm_source=chatgpt.com,
13th,30,10/26/2016,Race & Society,American Prison System & Racism,Ava DuVernay,2016,13TH | FULL FEATURE | Netflix - YouTube,Netflix,,https://www.aaihs.org/mass-incarceration-and-its-mystification-a-review-of-the-13th/?utm_source=chatgpt.com,
Hating Breitbart,33,11/18/2016,US Politics,Andrew Breitbart,Andrew Marcus,2012,https://www.hatingbreitbart.com,Netflix,SD #66,https://reason.com/2013/01/24/loving-hating-breitbart/,https://www.villagevoice.com/hate-watching-hating-breitbart/
Fidel Castro: Ewigar Revolutionar,35,12/01/2016,International Politics,Fidel Castro,Stephan Lamby & Volker Skierka,2004,https://www.youtube.com/watch?v=arrj0ydSZjU,Youtube,,,
The 80s with Dominic Sandbrook,38,12/19/2016,Media & Culture,The 80s,Dominic Sandbrook,2016,https://www.youtube.com/watch?v=bK1ADuAio3Y,Youtube,,https://weneedtotalkaboutdominic.wordpress.com/2012/04/17/we-have-to-talk-about-dominic-sandbrook/?utm_source=chatgpt.com,https://www.theguardian.com/tv-and-radio/2016/aug/02/political-pop-alternative-comedy-real-legacy-of-the-80s?utm_source=chatgpt.com
I Am Trying to Break Your Heart: A Film About Wilco,41,1/11/2017,Music,Wilco,Sam Jones,2002,https://www.youtube.com/watch?v=-yVj3Yhw8ys,YouTube,,https://pitchfork.com/features/interview/5876-sam-jones-wilco-documentarian/?utm_source=chatgpt.com,
Frame 394,42,1/18/2017,US Politics,Walter Scott Shooting,Rich Williamson,2016,https://www.youtube.com/watch?v=GZSb00oSzuY,YouTube,,https://www.theatlantic.com/video/index/584320/frame-394/?utm_source=chatgpt.com,https://www.shortoftheweek.com/2016/05/14/frame-394/?utm_source=chatgpt.com
The Decline of Western Civilization Part II: The Metal Years,45,2/10/2017,Music,Heavy Metal Music,Penelope Spheeris,1988,"The Decline Of Western Civilization, Part II: The Metal Years - YouTube",YouTube,,https://www.thebeliever.net/resurrector-the-decline-of-western-civilization-part-ii-the-metal-years/?utm_source=chatgpt.com,https://crookedmarquee.com/the-hair-metal-supremacy-of-penelope-spheeris-the-decline-of-western-civilization-part-ii-the-metal-years/?utm_source=chatgpt.com
I Am Not Your Negro,XXX,3/4/2017,Race & Society,James Baldwin,Raoul Peck,2016,https://www.youtube.com/watch?v=rNUYdgIyaPM,Netflix,"303, MO #135, MO #138",https://www.theatlantic.com/entertainment/archive/2017/02/i-am-not-your-negro-review/515976/?utm_source=chatgpt.com,
The White Helmets,49,3/18/2017,International Politics,Syrian War,Orlando von Einsiedel,2016,https://www.youtube.com/watch?v=fQM6t1oSQkE,Netflix,,https://www.wsj.com/articles/the-white-helmets-review-pulling-hope-from-the-rubble-1473978642?gaa_at=eafs&gaa_n=ASWzDAgYoJIqa1k0VtBbxlk9aZU1OPEOEStbFxnR7hcyccHbj6kkPPLWOUiHgaSL90A%3D&gaa_ts=68abb134&gaa_sig=DSidXzB0oipY5VXKEBWyDr_1jEnfXE8eCk5x8kNbT5E8_4R-1umX5Qy67JAhiXpbh8SBOjqGmvqDNhj8Bz6qQw%3D%3D,https://www.theguardian.com/global/2016/sep/23/the-white-helmets-syria-volunteer-rescue-workers-heroes-hope-horror?utm_source=chatgpt.com
Propoganda Over Pyongyang,53,4/14/2017,International Politics,North Korea,VICE,2015,Launching Balloons into North Korea: Propaganda Over Pyongyang - YouTube,Youtube,SD #58,,
Get Me Roger Stone,58,5/25/2017,US Politics,Roger Stone,"Daniel DiMauro, Morgan Pehme & Dylan Bank",2017,https://www.youtube.com/watch?v=5IPyv4KgTAA,Netflix,160,https://www.theguardian.com/film/2017/may/12/get-me-roger-stone-documentary-review-donald-trump?utm_source=chatgpt.com,
A Very British Election,59,6/3/2017,International Politics,British Election/Ariana Grande Concert Bombing,Susan Glasser,2017,https://www.bbc.com/audio/play/p05536m3,BBC,,,
A World in Disarray,65,7/13/2017,International Politics,Foreign Policy,Richard Haas,2017,https://www.youtube.com/watch?v=xAqkfbGJhhI,YouTube,"SD #15, 77",,
The Defiant Ones,65,7/13/2017,Music,Dr. Dre & Jimmy Iovine,Allen Hughes,2017,The Defiant Ones | Official Trailer | Peacock - YouTube,HBO,"SD #9, MO #131",https://www.theguardian.com/tv-and-radio/2018/mar/24/the-defiant-ones-review-dr-dres-american-dream-comes-vividly-to-life?utm_source=chatgpt.com,
Let It Fall: Los Angeles 1982-1992,66,7/20/17,US History,LA Riots,John Ridley,2017,Let It Fall | Official Trailer - YouTube,YouTube,SD #23,,
LA 92,66,7/20/17,US History,LA Riots,Daniel Lindsay & TJ Martin,2017,https://www.youtube.com/watch?v=DcFuY_lPwh8&list=PLivjPDlt6ApSvq_7SbZG0Fg9ux1uuam2L&index=1,YouTube,"SD #17, SD #60",,
Let The Fire Burn,66,7/20/17,US History,MOVE Bombing,Jason Osder,2013,Let The Fire Burn Official Trailer 1 (2013) - Documentary HD - YouTube,Netflix,"SD #42, SD #60, SD #88",,
The Hunting Ground,72,9/8/2017,Race & Society,College Sexual Assault,Kirby Dick,2015,The Hunting Ground Official Trailer 1 (2015) - Documentary HD - YouTube,Netflix,,,
The Vietnam War,74,9/22/2017,International Politics,Vietnam War,Ken Burns,2017,https://www.youtube.com/watch?v=iWFzaUlZz-k,PBS,"77, 164, SD #28, SD #47, SD #100",,
Foo Fighters: Sonic Highways,75,9/29/2017,Music,The Foo Fighters,Dave Grohl,2014,https://www.youtube.com/watch?v=Gugj5CS9Q4k,YouTube,,,
El fin de ETA,76,10/06/2017,International Politics,Spanish seperatist movement,Justin Webster,2017,El fin de ETA | Documental - YouTube,Netflix,,,
Time: The Kaleif Browder Story,84,12/08/2017,Race & Society,Criminal Justice,Jenner Furst,2017,https://www.youtube.com/watch?v=Ri73Dkttxj8,Netflix,,,
Page One: Inside the New York Times,85,12/16/2017,Media & Culture,New York Times,Andrew Rossi,2011,Page One Trailer - YouTube,Netflix,"127, MO #202, MO #211",,
Arguing the World,89,1/27/2018,Media & Culture,US Politics in the 1930s,Joseph Dorman,1998,https://www.youtube.com/watch?v=w7OWtM_YWTM,YouTube,,,
"Accidental Courtesy: Daryl Davis, Race & America",94,3/17/2018,Race & Society,Daryl Davis,Matthew Ornstein,2016,https://www.youtube.com/watch?v=V7fh5J_mo5E,Netflix,,,
The Ballad of AJ Webberman,95,3/29/2018,Music,Bob Dylan,James Bluemel,2006,https://www.youtube.com/watch?v=n7oosL33J2E,YouTube,,,
Hillary: The Movie,100,5/4/2018,US Politics,Hillary Clinton/Citizen's United,Alan Peterson,2008,Hillary The Movie Citizens United Productions (2008) - YouTube,YouTube,"169, 411",,
Death by China,100,5/4/2018,International Politics,China,Peter Navarro,2012,https://www.youtube.com/watch?v=mMlmjXtnIXI,YouTube,,,
The Clash: Westway to the World,100,5/4/2018,Music,The Clash,Don Letts,2000,Westway To The World - BFI Screening Trailer 2019 ðŸŽ¥ - YouTube,BBC,,,
Moskeerne bag slÃ¸ret ,102,5/29/2018,International Politics,Muslim Extremism,TV2,2016,https://nyheder.tv2.dk/tema/moskeer,TV2,,,
White Right: Meeting the Enemy,104,6/14/2018,Race & Society,White Nationalism,Deeyah Khan,2017,https://www.youtube.com/watch?v=KpWUZ3NG_Do,YouTube,,,
Patriot Prayer Is Dragging Antifa Into An Unwinnable PR War,110,8/9/2018,US Politics,Patriot Prayer/ANTIFA,VICE,2018,https://www.youtube.com/watch?v=_iraAfWBXzk&t=11s,YouTube,,,
Sweden: Lessons for America,114,9/20/2018,Economics / Business,Capitalism,Johan Norberg,2018,Sweden: Lessons for America? - Full Video - YouTube,YouTube,,,
Prohibition,126,1/11/2019,US History,Prohibition,Ken Burns,2011,https://www.pbs.org/kenburns/prohibition/,PBS,"166, 301, MO #138",,
Lemmy,126,1/11/2019,Music,Lemmy Kilmister/Motorhead,Wes Oshoski & Greg Olliver,2011,https://www.youtube.com/watch?v=dRENbQIuoLU,Netflix,,,
Vietnam: A Television History,127,1/18/2019,International Politics,Vietnam War,"Judith Vecchionne, Austin Hoyt, Martin Smith & Bruce Palling",1983,https://www.youtube.com/playlist?list=PL2U10t-yybgEaKRFoBduYE-NbvjiZg50j,YouTube,,,
Television's Vietnam,127,1/18/2019,International Politics,Vietnam War,Reed Irvine,1985,https://www.amazon.com/Televisions-Vietnam-Charlton-Heston/dp/B000SATDC8,??????,"SD #25, 142",,
The Woman Who Wasn't There,131,2/21/2019,Media & Culture,Stolen Valor,Angelo J. Guglielmo Jr.,2012,The Woman Who Wasn't There - YouTube,YouTube,,,
Leaving Neverland,133,3/7/2019,Crime,Michael Jackson,Dan Reed,2019,Surviving Michael Jackson | Leaving Neverland II | Full Film - YouTube,Netflix,"138, SD #68",,
The Satanic Verses: 30 Years Later,133,3/7/2019,Media & Culture,Salman Rushdie,Steven Grandison,2019,The Satanic Verses: 30 Years On (2019) - Trailer - YouTube,BBC,,,
Game Changers,135,3/18/2019,Sports,Game Shows,Craig Thompson,2018,https://www.cbc.ca/documentarychannel/docs/game-changers,CBC,,,
Running with Beto,135,3/18/2019,US Politics,Beto O'Rourke,David Modigliani,2019,https://www.youtube.com/watch?v=PoTJul0zdfs,HBO,,,
The Wrecking Crew,135,3/18/2019,Music,The Wrecking Crew,Danny Tedesco,2008,The Wrecking Crew Official Trailer 1 (2015) - Documentary HD - YouTube,Netflix,MO #263,,
The Inventor: Out for Blood in Silicone Valley,136,3/24/2019,Economics / Business,Elizabeth Holmes,Alex Gibney,2019,The Inventor: Out for Blood in Silicon Valley (2019) | Official Trailer | HBO - YouTube,HBO,,,
Spielberg,140,4/19/2019,Media & Culture,Spielberg,Susan Lacey,2017,https://www.youtube.com/watch?v=fnoJe5JqWaQ,HBO,,,
Surviving R. Kelly,141,4/25/2019,Crime,R. Kelly,Nigel Bellis,2019,https://www.youtube.com/playlist?list=PLvAOsBfvt4jBNL16IP5aKS6Kb81SHXkSh,Netflix,MO #195,,
5 Reasons We Need Hate Speech,142,5/12/2019,Media & Culture,Free Speech,Molly Dedham,2019,https://www.youtube.com/watch?v=F_5g1_G0VBA&t=3s,YouTube,,,
The Seven Five,143,5/30/2019,US History,Police Corruption,Tiller Russell,2014,The Seven Five Official Trailer (2015) - Michael Dowd Documentary HD - YouTube,AppleTV+,SD #25,,
Breslin and Hamill: Deadline Artists,145,6/27/2019,Media & Culture,Breslin & Hamill,"Jonathan Alter, John Block, and Steve McCarthy",2019,https://www.youtube.com/watch?v=JSr_xVQimlY,HBO,,,
Everything Is Copy â€“ Nora Ephron: Scripted & Unscripted,147,7/12/2019,Media & Culture,Nora Ephron,Jacob Bernstein,2015,https://www.youtube.com/watch?v=N9wiAhnkVBc,HBO,,,
Erica Jong: Breaking the Wall,147,7/12/2019,Media & Culture,Erica Jong,Kaspar Kasics,2022,https://www.youtube.com/watch?v=9fJ8Qdi16hg,YouTube,,,
"Bikram: Yogi, Guru, Predator",148,7/28/2019,Crime,Cults,Eva Orner,2019,https://www.youtube.com/watch?v=AbsaUHdxGHg,Netflix,,,
Tottenham Ayatollah,149,8/2/2019,International Politics,Extremism,Jon Ronson,1997,https://vimeo.com/220494752,Vimeo,,,
The Hurricane Tapes,151,8/26/2019,US History,Hurricane Carter,BBC,2019,https://www.bbc.co.uk/programmes/w13xttt6/episodes/downloads,BBC,,,
Rolling Thunder Revue: A Bob Dylan Story,151,8/26/2019,Music,Bob Dylan,Martin Scorsese,2019,Rolling Thunder Revue: A Bob Dylan Story By Martin Scorsese | Trailer | Netflix - YouTube,Netflix,"MO #205, MO #157, 388, SD #46, 163, 481",,
The Aristocrats,154,9/27/2019,Media & Culture,Comedy,Penn Jillette and Paul Provenza,2015,The Aristocrats (2005) Trailer - YouTube,YouTube,SD #15,,
Unquiet Graves,155,10/4/2019,International Politics,The Troubles,Sean Murray,2018,https://www.youtube.com/watch?v=LQgilokYa_0,IFI,,,
My Brother's Bomber,155,10/4/2019,International Politics,Lockerbie Bombing,Ken Dornstein,2015,https://www.youtube.com/watch?v=i6Bhzp8-8SU,PBS,,,
Hated: GG Allin and the Murder Junkies,156,10/10/2019,Music,GG Allin,Todd Phillips,1993,https://mubi.com/en/films/hated-gg-allin-and-the-murder-junkies/trailer,AppleTV+,MO #129,,
Free to Choose,156,10/10/2019,Economics / Business,Freedom,Bob Chitester/Milton Friedman,1980,Free To Choose 1980 - Vol. 01 The Power of the Market - Full Video - YouTube,YouTube,,,
Tiananmen: The People v the Party,156,10/10/2019,International Politics,China,Ian MacMillan and Audrey Maurion,2019,https://www.youtube.com/watch?v=rbFyc-9gqIs,BBC/PBS,179,,
Jim: The James Foley Story,156,10/10/2019,International Politics,ISIS,Brian Oakes,2016,https://www.youtube.com/watch?v=O7UTdyP2fmk,AppleTV+,LE #1,,
Jane Fonda in Five Acts,159,11/09/2019,Media & Culture,Jane Fonda,Susan Lacy,2018,https://www.youtube.com/watch?v=d4rdvHGMtBE,HBO,,,
American Dharma,160,11/17/2019,US Politics,Steve Bannon,Errol Morris,2018,https://www.youtube.com/watch?v=Bo-foGJ4ceU,Netflix,,,
The Thin Blue Line,160,11/17/2019,US History,Randall Dale Adams,Errol Morris,1988,https://www.youtube.com/watch?v=dNL5A4D0G4g,Netflix,,,
The Known Unknown,160,11/17/2019,US Politics,Donald Rumsfeld,Errol Morris,2013,https://www.youtube.com/watch?v=J-NSyMTpkYI,Netflix,,,
The Fog of War: Eleven Lessons from the Life of Robert S. McNamara,160,11/17/2019,US Politics,Robert S. McNamara,Errol Morris,2003,https://www.youtube.com/watch?v=VgA98V1Ubk8,Netflix,SD #111,,
"Mr. Death: The Rise and Fall of Fred A. Leuchter, Jr.",161,11/24/2019,US History,Holocaust Denial,Errol Morris,1999,https://www.youtube.com/watch?v=vXBfUrUz_rU,Netflix,,,
Town Bloody Hall,SD #3,12/6/2019,Media & Culture,Women's Liberation Debate,D. A. Pennebaker and Chris Hegedus,1979,https://www.youtube.com/watch?v=88OO8w3pdnk,YouTube,,,
The Other Half of the Sky: A China Memoir,SD #3,12/6/2019,International Politics,China,Shirley MacLaine and Claudia Weill,1975,https://www.afi.com/news/the-other-half-of-the-sky-a-china-memoir-afi-catalog-spotlight/,YouTube,SD #58,,
Restrepo,164,12/14/2019,International Politics,Afghanstan War,Sebastian Junger,2010,https://www.youtube.com/watch?v=-DjqR6OucBc,Netflix,,,
An Honest Liar,164,12/14/2019,Media & Culture,James Randi,Justin Weinstein & Tyler Measom,2015,https://www.youtube.com/watch?v=s9ZWaS_FjNU,Netflix,"SD #62, MO #171",,
The Problem with Apu,SD #4,12/22/2019,Media & Culture,Cultural Appropriation,Michael Melamedoff,2017,The Problem With Apu - Official Trailer | truTV - YouTube,YouTube,SD #25,,
Milius,SD #4,12/22/2019,Media & Culture,John Milius,Joey Figueroa and Zak Knutson,2013,Milius Official Trailer #1 (2013) - Screenwriter/Director John Milius Documentary HD - YouTube,Prime Video,,,
One of Us,SD #4,12/22/2019,Race & Society,Hasidic Jewish Communities,"Rachel Grady, Heidi Ewing",2017,https://www.youtube.com/watch?v=uBPn5oQNutI,Netflix,,,
Apollo 11,SD #4,12/22/2019,Science & Techonology,Apollo 11,Todd Douglas Miller,2019,APOLLO 11 Trailer (2019) - YouTube,CNN,"SD #55, MO #131, MO #157",,
Joshua: Teenager vs. Superpower,169,1/30/2020,International Politics,Hong Kong Protests,Joe Piscatella,2017,https://www.youtube.com/watch?v=7lN9_mQq2mQ,Netflix,,,
Spotlight on the Troubles: A Secret History,SD #8,2/4/2020,International Politics,The Troubles,BBC,2019,https://www.youtube.com/watch?v=9t3Mft5XMMM,YouTube,,,
Provos: The IRA & Sinn FÃ©in,SD #8,2/4/2020,International Politics,The Troubles,Peter Taylor,1997,https://documentaryheaven.com/provos-the-ira-and-sinn-fein/,BBC,,,
Loyalists,SD #8,2/4/2020,International Politics,The Troubles,Peter Taylor,1999,"Peter Taylor's ""LOYALISTS"" Part 1 - Aired 1999 - Major Troubles Documentary - YouTube",BBC,,,
BRITS,SD #8,2/4/2020,International Politics,The Troubles,Peter Taylor,2000,https://www.youtube.com/watch?v=orkzXtfyJdE,BBC,,,
The Central Park Five,SD #8,2/4/2020,Race & Society,Central Park Five,Ken Burns,2012,https://www.pbs.org/kenburns/the-central-park-five/,PBS,,,
Who Killed Malcolm X?,SD #9,2/9/2020,Race & Society,Malcolm X,Rachel Dretzin and Phil Bertelsen,2020,Who Killed Malcolm X? - Netflix Trailer - YouTube,Netflix,,,
Darkness at High Noon: The Carl Foreman Documents,SD #10,2/17/2020,US History,Carl Foreman/McCarthy Era,Lionel Chetwynd,2002,Darkness at High Noon - Directed by Lionel Chetwynd - YouTube,YouTube,,,
Getting Made: The Making of 'Goodfellas',172,2/19/2020,Media & Culture,Goodfellas,Jonah Kaplan,2004,"Getting Made: The Making Of ""Goodfellas"" - YouTube",YouTube,,,
The Civil War,172,2/19/2020,US History,Civil War,Ken Burns,1990,https://tos.brunswickcps.org/apps/video/watch.jsp?v=102372,PBS,"301, 341, MO #150, 519",,
The Sorrow and the Pity (Le Chagrin et la PitiÃ©),172,2/19/2020,International Politics,Nazis,Marcel Ophuls,1969,The Sorrow and the Pity â€“ Official Re-Release Trailer - YouTube,Netflix,,,
Mike Wallace is Here,SD #11,3/2/2020,Media & Culture,Media,Avi Belkin,2019,https://www.youtube.com/watch?v=dDSq2fF9flk&t=5s,Prime Video,"189, SD #87",,
Woody Allen: A Documentary,SD #12,3/8/2020,Media & Culture,Woody Allen,Robert Weide,2011,https://www.youtube.com/watch?v=LnV9iwKIZ50,PBS,MO #252,,
Roman Polanski: Wanted and Desired,SD #12,3/8/2020,Crime,Roman Polanski,Marina Zenovich,2008,https://www.youtube.com/watch?v=hMieQzq1snc,HBO,,,
Baseball,176,3/17/2020,Sports,Baseball,Ken Burns,1994,https://www.pbs.org/video/part-1-our-game-c6e5nn/,PBS,"301, SD #86, 341, MO #127, MO #152, 519",,
Manufacturing Consent,176,3/17/2020,International Politics,Bad America,Noam Chomsky,1992,https://www.youtube.com/watch?v=BQXsPU25B60,YouTube,177,,
Tough Guy: The Bob Probert Story,SD #14,3/19/2020,Sports,Hockey,Geordie Day,2020,https://www.youtube.com/watch?v=bP_YyQZA2kU,Prime Video,,,
Good Gosh O'Mighty,SD #14,3/19/2020,Sports,Texas HS Football,SportsCenter,2016,https://www.espn.com/video/clip/_/id/12020632,ESPN,,,
Joan Rivers: A Piece of Work,SD #15,3/22/2020,Media & Culture,Joan Rivers/Comedy,"Annie Sundberg, Ricki Stern",2010,https://www.youtube.com/watch?v=eM4zqYR_lKg,Netflix,358,,
Chuck Norris vs Communism,SD #15,3/22/2020,International Politics,Communism/Romania,Ilinca Calugareanu,2015,https://weta.org/watch/shows/independent-lens/chuck-norris-vs-communism,PBS,,,
"Tiger King: Murder, Mayhem and Madness",SD #16,3/30/2020,Crime,Joe Exotic,Eric Goode; Rebecca Chaiklin,2020,https://www.youtube.com/watch?v=acTdxsoa428,Netflix,,,
Land of Look Behind,SD #17,4/6/2020,Music,Jamaica,Alan Greenberg,1982,https://www.youtube.com/watch?v=jeeN9mIacic,YouTube,,,
Farrah's Story,SD #17,4/6/2020,Health & Medicine,Farrah Fawcett,MSNBC,2009,https://archive.org/details/farrahs-story-2009,MSNBC,,,
Our Planet,SD #17,4/6/2020,Science & Techonology,Earth,"Alastair Fothergill, Keith Scholey",2019,https://www.youtube.com/watch?v=GfO-3Oir-qM,Netflix,,,
They Shall Not Grow Old,179,4/6/2020,International Politics,World War I,Peter Jackson,2018,https://www.youtube.com/watch?v=IrabKK9Bhds,YouTube,"SD #82, SD #91",,
Yugoslavia: Death of a Nation,SD #18,4/13/2020,International Politics,Yugoslav War,Angus MacQueen and Paul Mitchell,1995,https://www.youtube.com/playlist?list=PLdw7wnKe0wiUSNdugFGpnSfm6wt-9gvUt,BBC,,,
Going Clear: Scientology and the Prison of Belief,SD #18,4/13/2020,Media & Culture,Scientology,Alex Gibney,2015,Going Clear: Scientology and the Prison of Belief - Official Trailer - YouTube,HBO,,,
Testing the Divide,181,4/21/2020,Race & Society,Long Island Real Estate,Jeffery Bassinger & Bobby Cassidy Jr.,2019,https://www.youtube.com/watch?v=wqN-D3f49fE,Newsday,,,
The Last Dance,SD #19,4/26/2020,Sports,Michael Jordan,Jason Hehir,2020,https://www.youtube.com/watch?v=N9Z9JtNcCWY,ESPN,"185, SD #74, MO #259",,
The Importance of Being Morrissey,SD #19,4/26/2020,Music,Morrissey,Ricky Kelehar & Tina Flintoff,2002,The Importance Of Being Morrissey Complete Film The Smiths - YouTube,YouTube,,,
Eyes on the Prize,SD #25,6/19/2020,Race & Society,Civil Rights,PBS,1987,https://www.youtube.com/watch?v=rGVL9d_ibhw,PBS,302,,
Best of Enemies: Buckey vs Vidal,SD #28,7/8/2020,Media & Culture,Buckey v Vidal Debates,Robert Gordan & Morgan Neville,2015,https://www.youtube.com/watch?v=CzgfQvB2dvA,PBS,,,
The New Jim Crow: Majority Rules,SD #30,7/24/2020,Race & Society,Criminal Justice,Krystal M. Harris,2020,https://www.youtube.com/watch?v=4vAIW7Rb5lg,Netflix,,,
Plandemic,198,7/29/2020,Health & Medicine,COVID,,2020,https://www.turnto23.com/news/coronavirus/watch-controversial-press-conference-held-by-two-bakersfield-doctors-that-was-pulled-down-by-youtube#google_vignette,YouTube,,,
The Weather Underground,198,7/29/2020,US History,The Weather Underground,Sam Green & Bill Seigel,2002,https://www.amazon.com/Weather-Underground-Sam-Green/dp/B000XBGE88,Prime Video,,,
Ghosts of Rwanda,200,8/13/2020,International Politics,Rwandan Genocide,Greg Barker,2004,https://www.pbs.org/wgbh/pages/frontline/shows/ghosts/,PBS,,,
The European Capitol of Terrorism: Belfast,SD #33,8/26/2020,International Politics,Northern Ireland Orange Order,VICE,2012,https://www.youtube.com/watch?v=T6lBzXAlv2k,VICE,MO #239,,
The Dad Changing How Police Shootings Are Investigated,202,9/1/2020,Race & Society,Police Shootings,FreeThink,2019,https://www.youtube.com/watch?v=h4NItA1JIR4,YouTube,,,
Whitney,203,9/6/2020,Music,Whitney Houston,Kevin MacDonald,2018,Whitney | Official U.S. Trailer | In Theaters July 6 - YouTube,Netflix,SD #65,,
The Dissident,SD #34,9/6/2020,International Politics,Jamal Kashoogi,Bryan Fogel,2020,https://www.youtube.com/watch?v=2I6hjwblA_g,Netflix,360,,
The Complete Beatles,SD #37,9/28/2020,Music,The Beatles,Patrick Montgomery,1982,https://www.youtube.com/watch?v=H_d342fuKNo,YouTube,,,
Beautiful Dreamer: Brian Wilson and the Story of SMILE,SD #37,9/28/2020,Music,Brian Wilson,David Leaf,2004,https://www.youtube.com/watch?v=_Nb7T0lrEAQ,YouTube,MO #263,,
Mighty Ira: A Civil Liberties Story,SD #39,10/9/20,US Politics,Ira Glasser/ACLU,Nico Perrino,2020,https://www.youtube.com/watch?v=R8qSgyLgDZc,YouTube,"305, 417",,
Madonna: Truth or Dare,207,10/20/2020,Music,Music,"Alek Keshishian, Mark Aldo Miceli",1991,https://www.youtube.com/watch?v=Mlbyln43IWQ,YouTube,SD #40,,
The War Room,207,10/20/2020,US Politics,Clinton Campaign,"Chris Hegedus, D. A. Pennebaker",1993,https://www.amazon.com/War-Room-James-Carville/dp/B00ADHR74C,Prime Video,,,
What Killed Michael Brown?,207,10/20/2020,Race & Society,Ferguson,Shelby Steele,2020,https://www.amazon.com/Killed-Michael-Brown-Shelby-Steele/dp/B09TKRTQFZ,Prime Video,SD #59,,
Chaos: Election 2020,SD #44,11/23/2020,US Politics,2020 Election,VICE,2020,https://www.youtube.com/watch?v=DQH59tg5LJQ,YouTube,226,,
The Beatles: Eight Days A Week - The Touring Years,SD #45,11/28/2020,Music,The Beatles,Ron Howard,2016,https://www.youtube.com/watch?v=0fFyZzqPDws,AppleTV+,SD #46,,
Marjoe,213,12/4/2020,Media & Culture,Marjoe Gortner,Howard Smith,1972,https://vimeo.com/174719640,Vimeo,,,
Zappa,SD #46,12/8/2020,Music,Frank Zappa,Alex Winter,2020,Zappa - Official Trailer - YouTube,Prime Video,"333, MO #131, MO #210",,
No Direction Home,SD #46,12/8/2020,Music,Bob Dylan,Martin Scorsese ,2005,https://www.pbs.org/video/bob-dylan-no-direction-home-xyywq1/,PBS,"388, MO #205",,
Burden of Dreams,SD #47,12/14/2020,Media & Culture,Werner Herzog,Les Blank,1982,https://www.youtube.com/watch?v=QwcmIZJDQPA,Netflix,,,
My Best Fiend,SD #47,12/14/2020,Media & Culture,Klaus Kinski,Werner Herzog,1999,https://www.youtube.com/watch?v=wjj5uNlaZGE,YouTube,487,,
1989,SD #47,12/14/2020,International Politics,Fall of Communism,Michael Bielawski,2014,https://pro.festivalscope.com/film/1989-1,Moynihan's Dropbox,MO #144,,
Underground,SD #49,12/30/2020,US History,The Weather Underground,"Emile de Antonio, Haskell Wexler, and Mary Lampson",1976,https://www.dailymotion.com/video/x3ffbkp,DailyMotion,,,
A Perfect Crime,SD #49,12/30/2020,US History,Detlev Rohwedder Murder,Jan Peter,2020,https://www.youtube.com/watch?app=desktop&v=J9b115R-3_Q,Netflix,SD #75,,
Ripper,SD #50,1/4/2021,US History,Yorkshire Ripper,Jesse Vile,2020,https://www.netflix.com/title/81006684,Netflix,,,
Conversations with a Killer,SD #50,1/4/2021,US History,Ted Bundy,Joe Berlinger,2019,https://www.netflix.com/title/80226612,Netflix,,,
No Limit Chronicles,SD #55,2/1/2021,Media & Culture,Music,Master P,2020,"The Best Of Master P: No Limit Chronicles FULL Episodes, 106 & Park Interviews & More! MARATHON - YouTube",YouTube,,,
Little Dieter Needs to Fly,SD #56,2/10/2021,International Politics,Dieter Dengler/Vietnam War,Werner Herzog,1998,Little Dieter Needs to Fly (1997) - YouTube,YouTube,,,
The Ballad of the Little Soldier,SD #56,2/10/2021,International Politics,Miskito Indians/Nicaragua Civil War,Werner Herzog,1995,Ballad Of The Little Soldier - YouTube,YouTube,,,
Controlling Brittney Spears,225,2/19/2021,Media & Culture,Brittney Spears,Samantha Stark,2021,https://www.nytimes.com/video/NYT-Presents/100000008048566/the-new-york-times-presents-controlling-britney-spears.html,NYT,,,
Return from ISIS,SD #57,2/22/2021,International Politics,ISIS,Alba Sotorra,2021,https://www.youtube.com/watch?v=3uvipYMuHeQ,PBS,,,
Biggie: I Got A Story To Tell,227,3/4/2021,Music,Notorious BIG,Emmett Malloy,2021,https://www.youtube.com/watch?v=fRj2NxkM84U,Netflix,,,
Created Equal: Clarence Thomas in His Own Words,SD #59,3/5/2021,US Politics,Clarence Thomas,Michael Pack,2020,Created Equal: Clarence Thomas In His Own Words - YouTube,YouTube,,,
The World at War,SD #59,3/5/2021,International Politics,World War II,David Elstein,1972,https://www.youtube.com/watch?v=0b4g4ZZNC1E&pp=0gcJCfwAo7VqN5tD,YouTube,,,
Q: Into the Storm,SD #61,3/18/2021,US Politics,QAnon,Cullen Hoback,2021,https://www.youtube.com/watch?v=rK_Gf9H2CWI&pp=0gcJCfwAo7VqN5tD,HBO,447,,
The Reconstruction of Asa Carter,SD #61,3/18/2021,US History,Asa Earl Carter,Marco Ricci,2011,https://www.youtube.com/watch?v=5xZ_5kPli7A,YouTube,,,
,300,3/27/2021,,George Wallace,,,,,,,
Great American Race Game,SD #63,3/31/2021,Race & Society,Race,Martin Durkin,2021,https://www.primevideo.com/detail/Great-American-Race-Game/0OQ9YD238F891APHP7F6NRUMWH,Prime Video,,,
"Beats, Rhymes & Life: The Travels of a Tribe Called Quest",301,4/3/21,Music,Tribe Called Quest,Michael Rapaport,2011,https://www.youtube.com/watch?v=9d6M-mHTFU8,YouTube,"326, 358, MO #120",,
Exterminate All the Brutes,303,4/16/2021,Race & Society,Colonialism,Raoul Peck,2021,https://www.youtube.com/watch?v=dQ4r3Qdrqmo,HBO,,,
Anderson - Anatomie des Verrats,SD #66,4/26/2021,International Politics,Sascha Anderson,Annekatrin Hendel,2014,2020-02-07 - ARD Doku_Anderson - Anatomie des Verrats - YouTube,YouTube,MO #427,,
Hemingway,SD #67,5/5/2021,Media & Culture,Earnest Hemingway,Ken Burns,2021,https://www.pbs.org/video/hemingway-episode-1-writer/,PBS,,,
The Four Horseman,SD #67,5/5/2021,Media & Culture,Atheists,Josh Timonen,2007,"The Four Horsemen HD: Hour 1 of 2 - Discussions with Richard Dawkins, Ep 1 - YouTube",YouTube,,,
Tyson,SD #68,5/10/2021,Sports,Mike Tyson,James Toback,2008,https://www.netflix.com/title/70100412,Netflix,"MO #144, MO #171, MO #252",,
Buck Breaking,306,5/13/2021,Weirdo Documentaries,Race & Sexuality,Tariq Nasheed,2021,https://archive.org/details/buck_20220114,Internet Archive,,,
Fernandomania @ 40,306,5/13/2021,Sports,Fernando Venanzuela,Gustavo Arellano,2023,https://www.youtube.com/watch?v=4dcvx9i-ahg,YouTube,,,
Crossing the Line,SD #70,5/26/2021,International Politics,James Dresnok,Daniel Gordon,2006,https://www.youtube.com/watch?v=W3L1JemU8hA,YouTube,,,
American Rebel: The Dean Reed Story,SD #70,5/26/2021,International Politics,Dean Reed,Will Roberts,1985,https://www.youtube.com/watch?v=lBZziSBxwwY,YouTube,,,
Is Trump Still the Future of the Republican Party?,308,5/30/2021,US Politics,GOP,VICE,2021,https://www.youtube.com/watch?v=gCX84l_CpUU,YouTube,"345, 377, MO #142, 482",,
The Realities of Trump's Trade Wars,SD #71,6/11/2021,Economics / Business,Trade,VICE,2019,The Realities Of Trump's Trade War - YouTube,YouTube,"MO #205, 451, 477, 499",,
The Last Days of Vietnam,321,6/24/2021,International Politics,Vietnam War,Rory Kennedy,2014,https://www.youtube.com/watch?v=rRyiVgHw3fE,YouTube,,,
The BeeGees: How Can You Mend A Broken Heart,SD #74,6/29/2021,Music,The BeeGees,Frank Marshall,2020,https://www.hbomax.com/movies/bee-gees-how-can-you-mend-a-broken-heart/342e4ed0-6f80-4951-a3f1-c7f9dfeafdd4,HBO,,,
How to Survive a Plague,SD #74,6/29/2021,Health & Medicine,AIDS,David France,2012,https://www.youtube.com/watch?v=tp5676N7de8,YouTube,,,
This Is Pop: What Can a Song Do?,SD #77,7/21/2021,Music,Pop Music,Lisa Rideout,2021,https://www.netflix.com/title/81050786,Netflix,,,
Oasis: Knebworth 1996,324,7/29/2021,Music,Oasis,Jake Scott,1996,https://www.youtube.com/watch?v=IZqo1bYgkRs,YouTube,,,
Jodorowskyâ€™s Dune,SD #79,8/8/2021,Media & Culture,Dune,Frank Pavich,2013,Jodorowsky's Dune - YouTube,YouTube,MO #131,,
Thatcher: A Very British Revolution,SD #80,8/19/2021,International Politics,Margaret Thatcher,Simon Finch,2019,,,,,
Achieving the Perfect 10,SD #82,8/31/2021,Sports,Gymnastics,Isaac Solotoroff,2003,https://www.youtube.com/watch?v=vFbzVbujQZk,YouTube,,,
Colin in Black & White,SD #91,11/1/2021,Race & Society,NFL/Colin Kapernick,Ava Duvernay,2021,https://www.youtube.com/watch?v=v7wCnyXccL0,YouTube,,,
Power of Nightmares,SD #91,11/1/2021,International Politics,Political Power,Adam Curtis,2004,https://www.youtube.com/watch?v=jxBbw13Y3Gc,YouTube,,,
Patriot Purge,335,11/7/2021,US Politics,January 6th,Tucker Carlson,2021,https://www.youtube.com/watch?v=WW-O1HR_xqw&rco=1,YouTube,487,,
Get Back,SD #96,12/13/2021,Music,The Beatles,Peter Jackson,2021,https://www.youtube.com/watch?v=Auta2lagtw4,Disney+,"SD #98, SD #101, 349, 378, MO #259",,
The Cleaners,SD #96,12/13/2021,Media & Culture,Content Moderation,"Moritz Riesewieck, Hans Block",2018,https://www.kanopy.com/en/product/cleaners,Kanopy,,,
We Steal Secrets: The Story of WikiLeaks,339,12/17/2021,Media & Culture,WikiLeaks,Alex Gibney,2013,https://www.youtube.com/watch?v=nExwKp32dHE,YouTube,,,
Summer of Soul,SD #97,12/20/2021,Music,1969 Harlem Soul Festival,Questlove,2021,https://www.youtube.com/watch?v=slFiJpAxZyQ,YouTube,,,
Band on the Run,SD #98,12/25/2021,Music,Paul McCartney & The Wings,Will Lovelace,2010,https://www.youtube.com/watch?v=Z9dEqN-dQtY,YouTube,,,
New York: A Documentary Film,341,1/7/2022,US History,New York,Ric Burns,1999,https://www.youtube.com/watch?v=vcpcrw_K5GI,PBS,"MO #138, 519",,
"The Black Church: This is Our Story, This is Our Song",SD #100,1/10/2022,Race & Society,Church,"Henry Louis Gates, Jr.",2021,https://www.kanopy.com/en/product/11226420,Kanopy,,,
The Sparks Brothers,SD #100,1/10/2022,Music,The Sparks Brothers,Edgar Wright,2021,https://www.youtube.com/watch?v=EOUsIYESOpM,Netflix,,,
Country Music,SD #100,1/10/2022,Music,Country Music,Ken Burns,2019,https://www.pbs.org/kenburns/country-music/episode-1-the-rub-beginnings-1933,PBS,MO #131,,
The Lost World of Communism,SD #100,1/10/2022,International Politics,Communism,Peter Molloy,2009,https://www.youtube.com/watch?v=znb_X48WXUg,YouTube,,,
OstPunk! Too Much Future,SD #100,1/10/2022,Music,OstPunk!,Michael Boehlke,2007,https://www.youtube.com/watch?v=uMXS6NFvUvc,YouTube,,,
The Battered Bastards of Baseball,SD #100,1/10/2022,Sports,Baseball,Chapman Way & Maclain Way,2014,https://www.youtube.com/watch?v=RA76b5Hhvxg,Netflix,515,,
Wild Wild Country,SD #100,1/10/2022,Media & Culture,Bhagwan Shree Rajneesh,Chapman Way & Maclain Way,2018,https://www.youtube.com/watch?v=hBLS_OM6Puk,Netflix,,,
Collision! Free Speech and Religion,344,2/6/2022,Race & Society,Free Speech,Jacob Mchangama,2013,https://www.cultureunplugged.com/documentary/watch-online/play/52576/collision-free-speech-and-religion,Culture Unplugged,,,
We Need to Talk About Cosby,SD #106,2/21/2022,Media & Culture,Bill Cosby,W. Kamau Bell,2022,https://www.youtube.com/watch?v=qVr0xrvGK1Q,Hulu,,,
Jeen-Yuhs,SD #108,2/28/2022,Music,Kanye,Coodie Simmons & Chike Ozah,2022,https://www.youtube.com/watch?v=X3d5rT7FGLE,Netflix,,,
Last Chance High,349,3/15/2022,Race & Society,Moses Montefiore Academy,Brent Renaud,2014,https://www.youtube.com/watch?v=6WeD9roIupg,YouTube,,,
Smash His Camera,350,3/24/2022,Media & Culture,Ron Galella,Leon Gast,2010,https://www.youtube.com/watch?v=fOxxx15vkxg,YouTube,MO #234,,
Val,SD #112,3/28/2022,Media & Culture,Val Kilmer,Ting Poo & Leo Scott,2021,https://www.amazon.com/Val-Kilmer/dp/B09888KKZK,Prime Videos,,,
Bad Vegan,SD #112,3/28/2022,Crime,Sarma Mengailis,Chris Smith,2022,https://www.netflix.com/title/81470938,Netflix,357,,
Fyre: The Greatest Party that Never Happened,SD #112,3/28/2022,Crime,Fyre Festival,Chris Smith,2019,FYRE: The Greatest Party That Never Happened | Official Trailer [HD] | Netflix - YouTube,Netflix,"357, MO #121",,
Good Hair,351,4/2/2022,Race & Society,Hair,Jeff Stilson & Chris Rock,2009,https://www.youtube.com/watch?v=Hz4lfFS_7fk,YouTube,,,
Ã‰vocateur: The Morton Downey Jr. Movie,SD #114,4/12/2022,Media & Culture,"Morton Downey, Jr.","Seth Kramer, Daniel A. Miller, Jeremy Newberger",2012,https://www.youtube.com/watch?v=wHbebix9Y08,YouTube,,,
Pandora's Box: Black Power,353,4/16/2022,Race & Society,Kwame Nkrumah,Adam Curtis,1992,https://www.youtube.com/watch?v=oTIhbQB8l7A,YouTube,,,
Berlin 1945: Diary of a Metropolis,SD #115,4/21/2022,International Politics,World War II,Volker Heise,2020,https://www.youtube.com/watch?v=TzN4tndwN4Y,YouTube,,,
The American Revolution,SD #116,4/27/2022,US History,American Revolution,Ken Burns,2025,https://www.pbs.org/kenburns/the-american-revolution/,PBS,519,,
American Movie,357,5/13/2022,Media & Culture,Making of Coven,Chris Smith,1999,https://www.amazon.com/American-Movie-Mark-Borchardt/dp/B000NMY7E0,Prime Videos,,,
The Hunting Ground,357,5/13/2022,Race & Society,Sexual Assault,Kirby Dick,2015,https://www.kanopy.com/en/product/hunting-ground-1?frontend=kui,Kanopy,,,
Our Father,358,5/22/2022,Health & Medicine,Fertility,Lucie Jourdan,2022,https://www.youtube.com/watch?v=phQxK5u8IEs,Netflix,,,
Doin' Time in Times Square,358,5/22/2022,Media & Culture,New York,Charlie Ahearn,1991,https://vimeo.com/247382710,Vimeo,,,
Bowling for Columbine,359,5/26/2022,Crime,Columbine,Michael Moore,2002,https://www.kanopy.com/en/product/11734497?vp=westvanlibrary&frontend=kui,Kanopy,,,
The Andy Warhol Diaries,MO #121,6/13/2022,Media & Culture,Andy Warhol,Andrew Rossi,2022,https://www.netflix.com/title/81026142,Netflix,MO #134,,
Roy Woods Jr. Explores Gentrification in Brooklyn,362,6/16/2022,Race & Society,Gentrification,Daily Show,2022,https://www.youtube.com/watch?v=kbkLi2kC5Ig,YouTube,,,
The Anarchists,365,7/15/2022,S Politics,Libertarians,Todd Schramke,2020,https://www.hbomax.com/shows/anarchists/32e26238-cceb-4232-9c8d-944519300baf,HBO,"MO #129, MO #131, MO #244",,
Echo in the Canyon,MO #128,8/2/2022,Music,Jacob Dylan,Jacob Dylan,2018,https://www.amazon.com/Echo-Canyon-Tom-Petty/dp/B07WF9FLZW,Prime Videos,,,
Why We Fight,MO #128,8/2/2022,International Politics,American War,Eugene Jarecki,2005,Why we fight ( American documentry - 2005) - YouTube,YouTube,,,
Stalags: Holocaust and Pornography in Israel,MO #129,8/8/2022,International Politics,World War II,Ari Libsker,2008,https://www.youtube.com/watch?v=2htNs9d_6q8,Amazon,"MO #129 (Twitch), MO #160",,
Alex's War,MO #129,8/8/2022,US Politics,Alex Jones,Alex Lee Moyer,2022,https://www.primevideo.com/detail/Alexs-War/0RXELNWHTMCE9VZ2DLC148VFEN,Prime Videos,,,
Sex: The Revolution,368,8/13/2022,Media & Culture,Sex,Hart Perry & Richard Lowe,2008,?,?,,,
2000 Mules,368,8/13/2022,US Politics,2020 Electrion,Dinesh D'Souza,2022,https://www.youtube.com/watch?v=D_3BxatG55U,YouTube,"380, MO #194",,
Gambinos: America's First Family of Crime,MO #129 (Twitch),8/15/2022,US History,Mafia,John Griffin,1997,The Gambinos: America's First Family Of Crime | Full Documentary | Biography - YouTube,YouTube,,,
Philly D.A.,369,8/20/2022,US Politics,Larry Krasner,Ted Passon & Yoni Brook,2021,https://www.youtube.com/watch?v=weX8qdtbYmU,Kanopy,,,
The US and the Holocaust,MO #130,8/24/2022,US History,Holocaust,Ken Burns,2022,https://www.pbs.org/kenburns/us-and-the-holocaust/,PBS,"MO #135, MO #138, 378, 379, 392, MO #150, 393, MO #161, MO #208",,
Vigilante: The Incredible True Story of Curtis Sliwa and the Guardian Angels,MO #131,8/29/2022,US History,Curtis Sliwa,David Wexler,2018,Fighting gang culture on New Yorkâ€™s streets | Vigilante | Full Film - YouTube,YouTube,,,
Facing Nolan,MO #131,8/29/2022,Sports,Nolan Ryan,Bradley Jackson,2022,https://www.youtube.com/watch?v=Sy--P-wkYQg,Netflix,,,
Standing in the Shadow of Motown,MO #131,8/29/2022,Music,Motown,Paul Justman,2002,Documentary: Standing in the Shadows of Motown (2002) - YouTube,YouTube,,,
20 Feet From Stardom,MO #131,8/29/2022,Music,Backup Singers,Morgan Neville,2013,https://www.kanopy.com/en/product/20-feet-stardom?frontend=kui,Kanopy,,,
March of the Penguins,MO #131,8/29/2022,Science & Technology,Penguins,Luc Jacquet,2005,https://archive.org/details/2005-march-of-the-penguins,Internet Archive,,,
Jazz,MO #131,8/29/2022,Music,Jazz,Ken Burns,2001,https://www.pbs.org/kenburns/jazz/,PBS,,,
The Soviet Story,MO #132 (Twitch),9/12/2022,International Politics,Soviet Union,Edvins Snore,2008,https://www.kanopy.com/en/product/soviet-story?frontend=kui,Kanopy,,,
Enemy Engagement ,MO #132 (Twitch),9/12/2022,International Politics,East Germany,Heike Bachelier,2010,https://www.youtube.com/watch?v=dlKUNusULZo,YouTube,,,
Lorena,MO #135,9/26/2022,Crime,Lorena Bobbitt,Jordan Peele,2019,https://www.amazon.com/Lorena-Season-1/dp/B086HWCYP9,Prime Videos,,,
Hostages,MO #136,10/3/2022,International Politics,Iranian Hostage Crisis,Joshua Bennett,2022,https://www.hbomax.com/shows/hostages/36ff1e23-cfd9-4950-ad4f-ec34c3f24ccf,HBO,,,
Once in a Lifetime: The Extraordinary Story of the New York Cosmos,MO #137,10/9/2022,Sports,Soccer,John Dower & Paul Crowder,2006,https://www.youtube.com/watch?v=vTe2Lwge5tw,AppleTV+,,,
The Obama Deception: The Mask Comes Off,377,10/13/2022,US Politics,New World Order,Alex Jones,2009,https://www.youtube.com/watch?v=E3dxudrrsQ8,YouTube,,,
Lewis & Clark,MO #138,10/17/2022,US History,Lewis & Clark,Ken Burns,1997,https://www.pbs.org/kenburns/lewis-clark/,PBS,,,
The Lincoln Project,MO #138,10/17/2022,US Politics,The Lincoln Project,Karim Amer & Fisher Stevens,2022,https://www.paramountplus.com/shows/the-lincoln-project/,Paramount +,"378, MO #140, 380, 406",,
Let It Be (2024 Re-Release),378,10/20/2022,Music,The Beatles,Michael Lindsay-Hogg & Peter Jackson,2024,https://www.youtube.com/watch?v=sHxl6eDYLUs,Disney+,,,
Hebrews to Negroes: Wake Up Black America,MO #141,11/7/2022,Race & Society,Race Conspiracy,Ronald Dalton,2018,https://www.amazon.com/Hebrews-Negroes-Wake-Black-America/dp/B0FMDLL1KY/ref=tmm_aiv_swatch_0,Prime Videos,,,
New York Doll,MO #141,11/7/2022,Music,The New York Dolls,Greg Whiteley,2005,https://www.primevideo.com/detail/New-York-Doll/0FSD75EFRHPJTCAD93HMQ7K9KR,Prime Videos,,,
Devil Next Door,382,11/19/2022,US History,John Demjanjuk,Yossi Bloch & Daniel Sivan,2019,https://www.netflix.com/title/80201488,Netflix,,,
One More Time with Feeling,MO #142,11/21/2022,Music,Nick Cave,Andrew Dominik,2016,https://www.youtube.com/watch?v=K5YRxkwASH4,YouTube,MO #146,,
When the Levees Broke: A Requiem in Four Acts,383,11/23/2022,US History,Katrina,Spike Lee,2006,https://www.hbomax.com/shows/when-the-levees-broke-a-requiem-in-four-acts/0efe1317-8a8e-413f-b66c-ee87672012f9,HBO,,,
What Is A Woman,383,11/23/2022,Race & Society,Trans,Matt Walsh,2022,https://www.youtube.com/watch?v=42ivIRd9N8E,Daily Wire+,410,,
The Greatest Lie Ever Sold: George Floyd and the Rise of BLM,383,11/23/2022,Race & Society,George Floyd Riots,Candace Owen,2022,?,?,,,
Harry & Meghan,MO #146,12/28/2022,Media & Culture,Royal Family,Liz Garbus,2022,https://www.netflix.com/title/81439256,Netflix,,,
Danny Says,MO #150,1/31/2023,Music,Music,Brendan Toller,2015,https://www.kanopy.com/en/product/danny-says-0?frontend=kui,Kanopy,,,
Rock & Roll,MO #150,1/31/2023,Music,Rock n' Roll,Elizabeth Deane,1995,https://www.youtube.com/watch?v=MKgeZAA7_c0,YouTube,,,
Rosedale: The Way It Is,MO #151,2/6/2023,Race & Society,Race,Bill Moyers,1976,https://www.youtube.com/watch?v=nRfAdi0s73I,YouTube,,,
House of Hammer,394,2/9/2023,Media & Culture,Armie Hammer,Elli Hakami & Julian Hobbs,2022,https://www.hbomax.com/shows/house-of-hammer/3e0ff566-db40-42ec-b88c-37b7a5bb1be1,HBO,,,
MC5: A True Testimonial,MO #154,2/27/2023,Music,MC5,David C. Thomas,2002,https://archive.org/details/mc-5-a-true-testimonial-disc-1,Internet Archive,,,
Freedm's Fury,MO #154,2/27/2023,Sports,Water Polo,Colin Keith Gray,2006,https://www.kanopy.com/en/product/freedoms-fury?frontend=kui,Kanopy,,,
The Putin Interviews,MO #154,2/27/2023,International Politics,Vladimir Putin,Oliver Stone,2017,https://www.paramountplus.com/shows/the-putin-interviews/,Paramount +,,,
6 Days to Air: The Making of South Park,MO #155,3/6/2023,Media & Culture,South Park,Arthur Bradford,2011,6 Days To Air: The Making Of South Park - YouTube,YouTube,,,
The Natural History of Destruction,MO #157,3/20/2023,International Politics,World War II,Sergei Loznitsa,2022,https://www.youtube.com/watch?v=Vv8k-vYjOWY,YouTube,,,
The Trial,MO #157,3/20/2023,International Politics,Soviet Show Trials,Sergei Loznitsa,2018,https://vimeo.com/ondemand/thetrial,Vimeo,"496, 511",,
Mr. Landsbergis,MO #157,3/20/2023,International Politics,Lithuania Uprising,Sergei Loznitsa,2021,https://vimeo.com/ondemand/landsbergis,Vimeo,,,
The Age of Easy Money,MO #157,3/20/2023,Economics / Business,Quantitative Easing,James Jacoby,2023,Age of Easy Money (full documentary) | FRONTLINE - YouTube,YouTube,,,
Jimmy Cart: Rock and Roll President,MO #157,3/20/2023,Music,Jimmy Carter,Mary Wharton & Bill Flanagan,2020,https://www.kanopy.com/en/product/jimmy-carter-rock-roll-president?frontend=kui,Kanopy,,,
Havana Jam '79,MO #157,3/20/2023,Music,Havana Jam ,Ernestos Juan Castellanos,2020,https://www.youtube.com/channel/UC34CY_lv6Io1ymJKGMcEkSQ/about,YouTube,,,
Red Elvis: Rise of the Cold War Cowboy,MO #158,3/28/2023,Music,Red Elvis,Thomas Latter,2020,https://www.kanopy.com/en/product/15305507?vp=snoisle&frontend=kui,Kanopy,,,
Waco: Rules of Engagement ,MO #158,3/28/2023,US History,Waco,William Gazecki,1997,https://www.kanopy.com/en/product/waco-rules-engagement?frontend=kui,Kanopy,MO #162,,
Waco: American Apocalypse,MO #158,3/28/2023,US History,Waco,Tiller Russell,2023,https://www.netflix.com/title/81396979,Netflix,,,
Queen Cleopatra,MO #161,4/17/2023,Media & Culture,Cleopatra,Jada Pinkett Smith,2023,https://www.netflix.com/title/81230204,Netflix,,,
Sign of the Times,MO #161,4/17/2023,Music,Prince,Elio Espana,1987,https://www.youtube.com/watch?v=lGweoKd4kGw&t=5s,YouTube,,,
Being Frank: The Chris Sievey Story,403,4/20/2023,Media & Culture,Chris Sievey,Steve Sullivan,2018,https://www.kanopy.com/en/product/being-frank?frontend=kui,Kanopy,,,
The Debutante,MO #162,4/24/2023,Crime,Carol Howe,Jon Ronson,2023,https://www.audible.com/pd/The-Debutante-Audiobook/B0BV13NMBK?srsltid=AfmBOor-bdqMhEH1VihjjToD6PrxVTzSSkUqmNKXqwCA205aUEJavvEq,Audible,,,
Ruby Ridge,MO #162,4/24/2023,US History,Militias,Barak Goodman,2017,https://www.pbs.org/wgbh/americanexperience/films/ruby-ridge/,PBS,,,
Secret Rulers of the World: The Legend of Ruby Ridge,MO #162,4/24/2023,US History,Militias,Jon Ronson,2001,https://www.youtube.com/watch?v=g0PxzoTHJJg&list=PLkc8mXgCtUglP9aRjMFN4t-0VbMgYFdNH&index=1,YouTube,,,
Dispatches from the Well,MO #163,5/2/2023,Science & Technology,Cosmos,Kmele Foster,2023,https://www.youtube.com/watch?v=FBfWoERsgqU&t=6s,YouTube,,,
The Kings,MO #163,5/2/2023,Sports,Boxing,Mat Whitecross,2021,https://www.paramountplus.com/shows/the-kings/,Paramount +,,,
The Real Charlie Chaplin,MO #163,5/2/2023,Media & Culture,Charlie Chaplin,Peter Middleton,2021,https://www.roberthonstein.com/news/the-real-charlie-chaplin-paramount,Paramount +,,,
Honor Flight,MO #164,5/8/2023,US History,World War II,Dan Hayes,2012,https://honorflight.movie,Honor Flight,,,
Rush: Beyond the Lighted Stage,MO #171,6/19/2023,Music,Rush,Sam Dunn,2010,https://www.youtube.com/watch?v=icYvr39VB5Q,YouTube,,,
Riding the Rails,414,7/9/2023,US History,Hobos,Lexy Lovell,1997,https://www.pbs.org/wgbh/americanexperience/films/rails/,PBS,,,
Chuck Berry: Hail! Hail! Rock n' Roll,415,7/14/2023,Music,Chuck Berry,Taylor Hackford,1987,https://www.youtube.com/watch?v=VihhNoWh1h0,YouTube,MO #263,,
"What Happened, Brittany Murphy?",MO #174,7/26/2023,Media & Culture,Brittany Murphy,Cynthia Hill,2021,https://www.hbomax.com/shows/what-happened-brittany-murphy/c6c11c25-ce5c-4d90-ac90-48908a3c8741,HBO,,,
Campus Argument Goes Viral As Evergreen State Is Caught In Racial Turmoil,416,8/1/2023,Race & Society,Evergreen,VICE,2017,https://www.youtube.com/watch?v=2cMYfxOFBBM,YouTube,,,
Searching for Sugar Man,MO #176,8/14/2023,Music,Sugar Man,Malik Bendjelloul,2012,https://www.kanopy.com/en/product/searching-sugar-man?frontend=kui,Kanopy,,,
Mr. Conservative: Goldwater on Goldwater,MO #176,8/14/2023,US Politics,Barry Goldwater,CC Goldwater,2006,https://www.youtube.com/watch?v=5RvXaAFw3v4,YouTube,,,
Obit.,417,8/17/2023,Media & Culture,NYT Obituary Desk,Vanessa Gould,2016,https://www.kanopy.com/en/product/obit?vp=conncoll&frontend=kui,Kanopy,,,
Russell Brand: In Plain Sight,421,9/17/2023,Media & Culture,Russell Brand,Channel 4,2023,https://vimeo.com/930618516/7cff6f8cb4?fl=pl&fe=vl,Vimeo,"MO #181, 422, MO #182",,
The Presidents,MO #181,9/19/2023,US History,US Presidents,"Shane Gillis, Louis CK, Matt McCusker",2022,https://www.youtube.com/watch?v=_iEeIbA6BLs,YouTube,,,
Hollywood vs Religion,MO #181,9/19/2023,Media & Culture,Hollywood,Michael Medved,1994,https://www.youtube.com/watch?v=l8ws3Iqszvc,YouTube,,,
Red Hollywood,MO #181,9/19/2023,Media & Culture,Hollywood,Thom Anderson,1996,https://www.kanopy.com/en/product/red-hollywood?vp=lapl&frontend=kui,Kanopy,,,
"Hollywood Censored: Movies, Morality & the Production Code",MO #181,9/19/2023,Media & Culture,Hollywood,David Espar,2000,"https://www.pbs.org/wgbh/cultureshock/beyond/hollywood.html#:~:text=Hollywood%20Censored%3A%20Movies%2C%20Morality%20%26,answer%20growing%20charges%20of%20immorality.",PBS,,,
The Plot to Kill the Pope,MO #182,9/25/2023,International Politics,Pope,Maria Berry,2023,https://www.netflix.com/title/81474104,Netflix,,,
Ordinary Men: The Forgotten Holocaust,MO #184,10/10/2023,World History,World War II,Manfred Oldenburg & Oliver Hamburger,2022,https://www.netflix.com/title/81672035,Netflix,,,
Netanyahu at War,MO #186,10/25/2023,International Politics,Israel,Michael Kirk,2016,https://www.youtube.com/watch?v=7W-xxpXzAC0,PBS,"477, 486, MO #252",,
In the Face of Evil: Regan's War in Word and Deed,429,11/11/2023,US Politics,Cold War,Steven Bannon,2004,https://inthefaceofevil.com/#the-film,In the Face of Evil,,,
Fall of Minneapolis ,432,11/23/2023,Race & Society,George Floyd Riots,JC Chaix,2023,The Fall of Minneapolis - YouTube,YouTube,"435, MO #202, MO #204",,
Jackie Robinson,432,11/23/2023,Sports,Baseball,Ken Burns and Sarah Burns,2016,https://www.pbs.org/kenburns/jackie-robinson/,PBS,,,
Muhammad Ali,432,11/23/2023,Sports,Boxing,Ken Burns and Sarah Burns,2021,https://www.pbs.org/kenburns/muhammad-ali/,PBS,,,
Rupert Murdoch's War on Journalism,432,11/23/2023,Media & Culture,Media,Robert Greenwald,2004,https://www.youtube.com/watch?v=P74oHhU5MDk,YouTube,,,
Shattered Dreams of Peace,434,12/7/2023,International Politics,Israel,Dan Setton,2002,https://www.pbs.org/wgbh/frontline/documentary/shattered-dreams-of-peace/,PBS,,,
Floyd Norman: An Animated Life,MO #192,12/17/2023,Media & Culture,Floyd Norman,Michael Fiore,2016,https://www.floydnormanmovie.com,Floyd Norman,,,
Control Room,MO #192,12/17/2023,International Politics,Iraq War,Jehane Nuojaim,2004,'Control Room' Documentary 2004) - YouTube,YouTube,,,
Thriller 40,MO #198,1/29/2024,Music,Michael Jackosn,Nelson George,2023,https://www.youtube.com/watch?v=kjPnb_rsqag,YouTube,,,
A Compassionate Spy,MO #198,1/29/2024,US History,World War II,Steve James,2022,https://www.hulu.com/movie/a-compassionate-spy-44ae0d17-efdb-47c2-8776-df3bef17b7b0,Hulu,MO #229,,
Stamped from the Beginning,MO #199,2/9/2024,Race & Society,Ibram X Kendi,Roger Ross Williams,2023,https://www.netflix.com/title/81321341,Netflix,,,
20 Days in Mirupol,MO #200,2/13/2024,International Politics,Ukraine War,Mystyslav Chernov,2023,https://www.pbs.org/wgbh/frontline/documentary/20-days-in-mariupol/,PBS,"MO #204, MO #206, 491",,
Disbelief,MO #200,2/13/2024,International Politics,Moscow Apartment Bombing,Andrei Nekrasov,2004,https://www.youtube.com/watch?v=f6LFGTAxkJA,YouTube,,,
"Athens, GA: Inside/Out",MO #202,2/26/2024,Music,REM/B-52s,Tony Gayton,1987,https://www.amazon.com/Athens-GA-Inside-Tony-Gayton/dp/B0D43T6VK7,Prime Videos,,,
Blackfish,444,3/1/2024,Media & Culture,Sea World,Gabriela Cowperthwaite,2013,https://www.kanopy.com/en/product/blackfish?frontend=kui,Kanopy,,,
Putin: A Russian Spy Story,444,3/1/2024,International Politics,Putin,Nick Green,2020,https://www.primevideo.com/detail/Putin-A-Russian-Spy-Story/0MRZ569WTL2RDNCFMXDFDG08XQ,Prime Videos,,,
Putin vs the West,444,3/1/2024,International Politics,Putin,Tim Stirzaker,2023,https://www.primevideo.com/detail/Putin-vs-the-West/0JAPNGXR45UV5LMX95IYFP5X7J,Prime Videos,,,
Putin vs the West: At War,444,3/1/2024,International Politics,Putin,Tim Stirzaker,2024,https://www.primevideo.com/detail/Putin-vs-the-West/0JAPNGXR45UV5LMX95IYFP5X7J,Prime Videos,,,
Paul Robeson: Tribute to an Artist,MO #206,4/8/2024,Race & Society,Paul Robeson,Saul J. Turrell,1979,https://archive.org/details/paul-robeson-tribute-to-an-artist,Internet Archive,,,
I Am Gary Johnson,MO #206,4/8/2024,US Politics,Gary Johnson,Brando Eaton,2018,https://www.prweb.com/releases/compelling_documentary_i_am_gary_johnson_sparks_nationwide_attention/prweb14952078.htm,YouTube,,,
The People Vs OJ Simpson,450,4/12/2024,Crime,OJ Simpson,Ryan Murphy,2016,https://www.fxnetworks.com/shows/american-crime-story/people-vs-oj-simpson,Hulu,,,
The Roosevelts: An Intimate History of ,MO #207,4/22/2024,US History,Roosevelts,Ken Burns,2014,https://www.pbs.org/kenburns/the-roosevelts/,PBS,"MO #208, 455, 519",,
The Incomparable Mr. Buckley,MO #207,4/22/2024,Media & Culture,William F. Buckley,Barak Goodman,2024,https://www.pbs.org/video/william-f-buckley-jr-scaecd/,PBS,507,,
Brandy Hellville & the Cult of Fast Fashion,452,4/25/2024,Economics / Business,Brandy Melville,Eva Orner,2024,https://www.hbomax.com/movies/brandy-hellville-the-cult-of-fast-fashion/b895ff31-bf33-422f-a2b9-834b9805a3b0,HBO,,,
American Conspiracy: Octopus Murders,MO #208,4/30/2024,US Politics,Octopus Murders,Zachary Treitz,2024,https://www.netflix.com/title/81168725,Netflix,,,
American Masters: Roberta Flack,453,5/3/2024,Music,Roberta Flack,Antonio D'Ambrosio,2023,https://www.pbs.org/video/roberta-flack-mnv48o/,PBS,,,
The UnReDacted,453,5/3/2024,International Politics,Guantanamo,Meg Smaker,2022,https://www.youtube.com/watch?v=PrkSKCSXYh8,,MO #217,,
Cabal in Kabul,MO #209,5/6/2024,International Politics,Afghanstan,Dan Alexe,2006,Cabal in Kabul (Cabale Ã  Kaboul) (2006) (full documentary with English subtitles) - YouTube,YouTube,,,
Spacey Unmasked,MO #209,5/6/2024,Crime,Kevin Spacey,Katherine Haywood,2024,https://www.hbomax.com/shows/spacey-unmasked/158fc4c2-60f2-492b-ada5-aa5bde31c2a3,HBO,,,
Loudquietloud,MO #210,5/14/2024,Music,Loudquietloud,Steve Cantor & Matthew Galkin,2007,https://www.youtube.com/watch?v=bIFV8mA__6A,YouTube,,,
Chicken Hawk: Men Who Love Boys,MO #211,5/27/2024,Race & Society,NAMBLA,Adi Sideman,1994,https://archive.org/details/chicken-hawk-adi-sideman-1994,Internet Archive,,,
Nazis: Evil on Trial,459,6/14/2024,International Politics,World War II,Joe Berlinger,2024,https://www.youtube.com/watch?v=KcfTOKgDdWQ,YouTube,,,
TMZ Presents: Under Fire â€“ The Trump Assassination Attempt,466,8/9/2024,US Politics,Trump Assassination,Harvey Levin,2024,https://tubitv.com/movies/100026137/tmz-presents-under-fire-the-trump-assassination-attempt,Tubi,,,
Nothin' But A Good Time: The Uncenscored Story of 80's Hair Metal,MO #226,9/21/2024,Music,Motley Crew,Jeff Tremaine,2024,https://www.paramountplus.com/shows/nothin-but-a-good-time-the-uncensored-story-of-80s-hair-metal/,Paramount+,MO #227,,
Untold: Malice at the Palace,MO #227,9/29/2024,Sports,Basketball Brawl,Floyd Russ,2021,https://www.netflix.com/title/81026439,Netflix,,,
Amanda Knox,MO #228,10/8/2024,Crime,Amanda Knox,Brian McGinn & Rod Blackhurst,2016,https://www.netflix.com/title/80081155,Netflix,MO #239,,
Charlie Hu$tle & the Matter of Pete Rose,MO #228,10/8/2024,Sports,Pete Rose,Mark Monroe,2024,https://www.hbomax.com/shows/charlie-hustle-the-matter-of-pete-rose/89f1216f-ad9b-4433-8c71-4bb2e8280fea,HBO,500,,
Menudo: Forever Young,MO #229,10/15/2024,Music,Menudo,Angel Manuel Soto,2022,https://www.hbomax.com/shows/menudo-forever-young/s1/6b4253f3-6a79-430f-9b1e-5b652cb7c0cb/e1-small-change/46876aa1-5f40-4531-8ab2-33266b36b1fe,HBO,,,
Menendez + Menudo: Boys Betrayed,MO #229,10/15/2024,Race & Society,Menendez/Menudo,Esther Reyes,2024,https://www.peacocktv.com/watch-online/tv/menendez--menudo-boys-betrayed/8222254554603265112,Peacock,,,
The Menendez Brothers,MO #229,10/15/2024,Crime,The Menendez Brothers,Alejandro Hartmann,2024,https://www.netflix.com/title/81506509,Netflix,,,
The Source Family,MO #230,10/22/2024,Media & Culture,The Source Family Cult,Jodi Willie,2012,https://www.kanopy.com/en/product/source-family?frontend=kui,Kanopy,,,
Queerstralia,MO #231,10/28/2024,Race & Society,Australia LGBTQ+,Stamatia Maroupas,2023,https://www.kanopy.com/en/product/14325658,Kanopy,,,
The War of 1812,MO #231,10/28/2024,US History,War of 1812,Eric Strange,2011,https://www.pbs.org/video/the-war-of-1812-the-war-of-1812-full-program/,PBS,,,
Thomas Jefferson,477,10/30/2024,US History,Thomas Jefferson,Ken Burns,1997,https://www.pbs.org/kenburns/thomas-jefferson/,PBS,MO #233,,
"From Textile Town to Ghost Town to Car Town: West Point, Georgia",479,11/13/2024,Economics / Business,Free Trade,Cato,2024,https://www.cato.org/video-series/faces-globalization/textile-town-ghost-town-car-town-west-point-georgia,Cato Institute,,,
"More than Just a ""Cheap T-Shirt"": Guatemala Textiles",479,11/13/2024,Economics / Business,Free Trade,Cato,2024,https://www.cato.org/video-series/faces-globalization/more-just-cheap-t-shirt-guatemala-textiles,Cato Institute,,,
Glabilization for Fun and Profit: The Digital Gaming Economy,479,11/13/2024,Economics / Business,Free Trade,Cato,2024,https://www.cato.org/video-series/faces-globalization/globalization-fun-profit-digital-gaming-economy,Cato Institute,,,
The Other Half of the Sky: A China Memoir,MO #235,11/16/2024,International Politics,China,Shirley McClaine,1975,https://www.dailymotion.com/video/x9ia8m8,DailyMotion,,,
Cold Case: Who Killed JonBenet Ramsey,MO #239,12/2/2024,Crime,JonBenet Ramsey,Joe Berlinger,2024,https://www.netflix.com/title/81705443,Netflix,,,
When We Were Kings,MO #241,12/16/2024,Sports,Boxing,Leon Gast,1996,George Foreman & Muhammad Ali - When We Were Kings - YouTube,YouTube,491,,
Dronez: The Hunt for El Chingon,MO #241,12/16/2024,Sports,VICE,Documentary NOW,2015,Documentary Now! 2015 S01E03 DRONEZ The Hunt for El Chingon - YouTube,YouTube,,,
Churchill at War,483,12/20/2024,International Politics,Churchill,Malcolm Venville,2024,https://www.netflix.com/title/81609374,Netflix,,,
For All Humankind,MO #242,12/29/2024,Science & Technology,Space Exploration,Laurens Grant,2023,https://www.hbomax.com/movies/for-all-humankind/da788099-5425-4e6c-a62d-c219f4681d33,HBO,,,
For All Mankind,MO #242,12/29/2024,Science & Technology,Space Exploration,AJ Reinhart,1989,https://www.kanopy.com/en/product/all-mankind-apollo-space-missions?frontend=kui,Kanopy,,,
Don't Look Bacl,MO #242,12/29/2024,Media & Culture,Music,DA Pennebaker,1967,https://www.kanopy.com/en/product/dont-look-back?frontend=kui,Kanopy,,,
Radical Wolfe,MO #243,1/6/2025,Media & Culture,Tom Wolfe,Richard Dewey,2023,https://www.kanopy.com/en/product/radical-wolfe?frontend=kui,Kanopy,,,
A Private Libertarian City in Honduras,MO #244,1/15/2025,International Politics,Prospera,Reason,2023,A private libertarian city in Honduras - YouTube,YouTube,,,
One Day in September,486,1/16/2025,Sports,1972 Munich Olympics,Kevin Macdonald,1999,https://www.youtube.com/watch?v=Xp1DcVm-Lo8,YouTube,,,
Washington,MO #246,1/27/2025,US History,George Washington,Roel Reine,2020,https://www.kanopy.com/en/product/10881148?frontend=kui,Kanopy,,,
Medical Racism: The New Apartheid,MO #250,3/3/2025,Race & Society,Vaccines,"Robert Kennedy, Jr.",2021,https://medicalracism.childrenshealthdefense.org,Children's Health,,,
Chaos: The Manson Murders,MO #253,3/18/2025,Crime,Manson Murder,Errol Morris,2025,https://www.netflix.com/title/81482892,Netflix,,,
Hoop Dreams,MO #253,3/18/2025,Sports,Basketball ,Steve James,1994,https://www.kanopy.com/en/product/hoop-dreams-0,Kanopy,,,
Werner Herzog Eats His Shoe,MO #253,3/18/2025,Media & Culture,Werner Herzog,Les Blank,1980,https://www.kanopy.com/en/product/werner-herzog-eats-his-shoe?frontend=kui,Kanopy,,,
All In This Tea,MO #253,3/18/2025,Media & Culture,Tea,Les Blank,2007,https://www.kanopy.com/en/product/all-tea?vp=rccmass,Kanopy,,,
Chulas Fronteras,MO #253,3/18/2025,Music,Chicano Music,Les Blank,1976,https://www.kanopy.com/en/product/136287?frontend=kui,Kanopy,,,
Always for Pleasure,MO #253,3/18/2025,Music,New Orleans Funeral Parades,Les Blank,1978,https://www.kanopy.com/en/product/always-pleasure,Kanopy,,,
Beatles '64,496,3/19/2025,Music,The Beatles,David Tedeschi,2024,https://ondisneyplus.disney.com/movie/beatles-64,Disney+,,,
American Murder: Gabby Petito,MO #254,3/31/2025,US History,True Crime,Michael Gasparro,2025,https://www.netflix.com/title/81733793,Netflix,,,
Heart of Darkness: A Filmmakers Apocolypse,MO #255,4/7/2025,Media & Culture,Filmmaking,Eleanor Coppola,1991,https://www.youtube.com/watch?v=pFYzVsrrPjE,YouTube,,,
David Bowie: Five Years,MO #257,4/22/2025,Music,David Bowie,Francis Whatley,2013,https://archive.org/details/BBCDavidBowieFiveYears,Internet Archive,,,
David Bowie: The Last Five Years,MO #257,4/22/2025,Music,David Bowie,Francis Whatley,2017,David Bowie - The Last Five Years - BBC Special Documentary - 10 January 2021 - YouTube,YouTube,,,
David Bowie: The First Five Years,MO #257,4/22/2025,Music,David Bowie,Francis Whatley,2019,https://www.primevideo.com/detail/David-Bowie-Finding-Fame/0KX6K56DLPLGC2FWQAASG98VN3,Prime Videos,,,
Kurt & Courtney,506,5/22/2025,Music,Kurt Cobain,Nick Broomfield,1998,https://www.youtube.com/watch?v=SD6V0shl8TI&rco=1,YouTube,,,
"The Leader, His Driver and the Driver's Wife",506,5/22/2025,International Politics,Apartheid,Nick Broomfield,1991,"The Leader, His Driver and the Driver's Wife (Nick Broomfield S. Africa Documentary) | Real Stories - YouTube",YouTube,,,
"June 17th, 1994",MO #251,5/28/2025,Sports,OJ/LA/Sports,Brett Morgen,2010,https://www.espn.com/watch/film/f0130ac8-9f7d-41fb-9e9c-349ea1ca9859/june-17th-1994,ESPN,,,
Pee-Wee as Himself,507,5/30/2025,Media & Culture,Pee-Wee Herman,Matt Wolf,2025,https://www.hbomax.com/shows/pee-wee-as-himself/284e1634-0dda-4b42-bafb-de090ade6c5d,HBO,,,
Above and Beyond: The Birth of the Israeli Air Force,507,5/30/2025,International Politics,Israeli Air Force,Roberta Grossman,2014,https://www.kanopy.com/en/product/above-and-beyond-0,Kanopy,,,
ABBA: Against the Odds,MO #252,6/2/2025,Music,ABBA,James Rogan,2024,https://www.netflix.com/title/81772612,Netflix,,,
Brian Wilson: I Just Wasn't Made for These Times,MO #263,6/19/2025,Music,Brian Wilson,Don Was,1995,Brian Wilson - I Just Wasn't Made for These Times - HD 1995 Documentary - YouTube,YouTube,,,
Black Power Mixtape,511,6/19/2025,Race & Society,Race,Goran Olsson,2011,https://archive.org/details/TheBlackPowerMixtape196719756bryh0IFMhg,Internet Archive,,,
State Funeral,511,6/19/2025,International Politics,Stalin's Funeral,Sergei Loznitsa,2019,https://vimeo.com/ondemand/statefuneral,Vimeo,,,
Here to Be Heard: The Story of the Slits,513,6/30/2025,Music,Slits,William E. Badgley,2017,https://www.youtube.com/watch?v=qz2zdpXrDBM,YouTube,,,
The Prince and The Epstein Scandal,517,8/2/2025,Crime,Epstein,BBC,2019,https://www.primevideo.com/detail/The-Prince-and-the-Epstein-Scandal/0FHI7EWX0I1UU07R3KRVTPLYM5,Prime Videos,,,
Billy Joel: And So It Goes,MO #269,8/4/2025,Music,Billy Joel,Susan Lacy & Jessica Levin,2025,https://www.hbomax.com/shows/billy-joel-and-so-it-goes/2abc1a61-f4ac-4b0e-ae84-3cc5a3b53d03,HBO,MO #270,,
Bukowski,MO #270,8/6/2025,Media & Culture,Charles Bukowski,Taylor Hackford,1973,https://www.youtube.com/watch?v=K4hh5PEgKI0,YouTube,,,
A Body in the Snow: The Trial of Karen Reid,MO #271,8/13/2025,Crime,Karen Read,Terry Dunn Meurer,2025,https://www.hbomax.com/shows/body-in-the-snow-the-trial-of-karen-read/b8066c9b-d61e-4580-9014-add16b435226,HBO,MO #272,,
Capturing the Friedmans,MO #271,8/13/2025,Crime,Friedman Family,Andrew Jarecki,2003,https://www.youtube.com/watch?v=FI6klfnQkIY&t=807s,YouTube,,,
Just A Clown,MO #271,8/13/2025,Media & Culture,Clowns,Andrew Jarecki,2004,https://mubi.com/en/us/films/just-a-clown,?,,,
Dancing Outlaw,519,8/14/2025,Media & Culture,Jesko White,Jacob Young,1991,https://www.youtube.com/watch?v=C2Q0c83GmuA,YouTube,MO #272,,
The Wild and Wonderful Whites of West Virginia,MO #272,8/18/2025,Media & Culture,White Family,Julien Nitzburg,2010,https://www.kanopy.com/en/product/wild-and-wonderful-whites-west-virginia?frontend=kui,Kanopy,,,
Don't Panic,MO #272,8/18/2025,Media & Culture,Population Trends,Hans Rosling,2013,https://www.youtube.com/watch?v=FACK2knC08E,YouTube,,,